[2026-02-22 17:24:21] START Game: BeginningQuiz, LevelButtonNumber: 0, Level: 0
[2026-02-22 17:24:39] Game: BeginningQuiz, LevelButtonNumber: 0, Level: 0, QuestionNumber: 1, questionedBirdSong: 6_Rauchschwalbe_1, questionedBird: Rauchschwalbe, answerPossibilities: answerPossibility1: Rauchschwalbe, answerPossibility2: Amsel, answerPossibility3: Rotkehlchen, answerPossibility4: Spatz, givenAnswer: Rauchschwalbe, wasAnswerCorrect: True, timeNeededForThisAnswer: 17,72
[2026-02-22 17:24:55] Game: BeginningQuiz, LevelButtonNumber: 0, Level: 0, QuestionNumber: 2, questionedBirdSong: 5_Kohlmeise_2, questionedBird: Kohlmeise, answerPossibilities: answerPossibility1: Rauchschwalbe, answerPossibility2: Kohlmeise, answerPossibility3: Eisvogel, answerPossibility4: Singdrossel, givenAnswer: Eisvogel, wasAnswerCorrect: False, timeNeededForThisAnswer: 15,15
[2026-02-22 17:25:01] Game: BeginningQuiz, LevelButtonNumber: 0, Level: 0, QuestionNumber: 3, questionedBirdSong: 4_Haussperling_3, questionedBird: Spatz, answerPossibilities: answerPossibility1: Amsel, answerPossibility2: Spatz, answerPossibility3: Eisvogel, answerPossibility4: Rotkehlchen, givenAnswer: Spatz, wasAnswerCorrect: True, timeNeededForThisAnswer: 5,08
[2026-02-22 17:25:10] Game: BeginningQuiz, LevelButtonNumber: 0, Level: 0, QuestionNumber: 4, questionedBirdSong: 3_Blaumeise_2, questionedBird: Blaumeise, answerPossibilities: answerPossibility1: Rotkehlchen, answerPossibility2: Blaumeise, answerPossibility3: Buchfink, answerPossibility4: Spatz, givenAnswer: Blaumeise, wasAnswerCorrect: True, timeNeededForThisAnswer: 7,28
[2026-02-22 17:25:16] Game: BeginningQuiz, LevelButtonNumber: 0, Level: 0, QuestionNumber: 5, questionedBirdSong: 7_Buchfink_1, questionedBird: Buchfink, answerPossibilities: answerPossibility1: Buchfink, answerPossibility2: Singdrossel, answerPossibility3: Amsel, answerPossibility4: Eisvogel, givenAnswer: Singdrossel, wasAnswerCorrect: False, timeNeededForThisAnswer: 5,03
[2026-02-22 17:25:23] Game: BeginningQuiz, LevelButtonNumber: 0, Level: 0, QuestionNumber: 6, questionedBirdSong: 8_Buntspecht_3, questionedBird: Buntspecht, answerPossibilities: answerPossibility1: Buchfink, answerPossibility2: Buntspecht, answerPossibility3: Spatz, answerPossibility4: Kohlmeise, givenAnswer: Buchfink, wasAnswerCorrect: False, timeNeededForThisAnswer: 6,48
[2026-02-22 17:25:29] Game: BeginningQuiz, LevelButtonNumber: 0, Level: 0, QuestionNumber: 7, questionedBirdSong: 10_Eisvogel_1, questionedBird: Eisvogel, answerPossibilities: answerPossibility1: Rotkehlchen, answerPossibility2: Buntspecht, answerPossibility3: Blaumeise, answerPossibility4: Eisvogel, givenAnswer: Rotkehlchen, wasAnswerCorrect: False, timeNeededForThisAnswer: 4,48
[2026-02-22 17:25:37] Game: BeginningQuiz, LevelButtonNumber: 0, Level: 0, QuestionNumber: 8, questionedBirdSong: 2_Rotkehlchen_1, questionedBird: Rotkehlchen, answerPossibilities: answerPossibility1: Amsel, answerPossibility2: Blaumeise, answerPossibility3: Rotkehlchen, answerPossibility4: Buchfink, givenAnswer: Amsel, wasAnswerCorrect: False, timeNeededForThisAnswer: 6,85
[2026-02-22 17:25:45] Game: BeginningQuiz, LevelButtonNumber: 0, Level: 0, QuestionNumber: 9, questionedBirdSong: 9_Singdrossel_2, questionedBird: Singdrossel, answerPossibilities: answerPossibility1: Singdrossel, answerPossibility2: Buchfink, answerPossibility3: Eisvogel, answerPossibility4: Rotkehlchen, givenAnswer: Singdrossel, wasAnswerCorrect: True, timeNeededForThisAnswer: 6,67
[2026-02-22 17:25:51] Game: BeginningQuiz, LevelButtonNumber: 0, Level: 0, QuestionNumber: 10, questionedBirdSong: 1_Amsel_1, questionedBird: Amsel, answerPossibilities: answerPossibility1: Amsel, answerPossibility2: Eisvogel, answerPossibility3: Blaumeise, answerPossibility4: Rauchschwalbe, givenAnswer: Eisvogel, wasAnswerCorrect: False, timeNeededForThisAnswer: 5,90
[2026-02-22 17:25:52] END Game: BeginningQuiz, LevelButtonNumber: 0, Level: 0, totalTimeNeeded: 90,88, amountOfQuestions: 10, correctAnswers: 4, incorrectAnswers: 6, successrate: 40,00, levelPassed: There is no win in the BeginningQuiz
[2026-02-22 17:26:01] game was closed
[2026-02-23 17:54:48] START Game: Memory, LevelButtonNumber: 1, Level: 1
[2026-02-23 17:55:03] During Game: Memory, LevelButtonNumber: 1, Level: level1, Game Move: 1, FoundPair: No pair, Correct: False, movesSinceTheLastPairWasFound: 0, currentTimeFromStopWatch: 14,75, timeSinceTheLastPairWasFound: 14,75
[2026-02-23 17:55:08] During Game: Memory, LevelButtonNumber: 1, Level: level1, Game Move: 2, FoundPair: No pair, Correct: False, movesSinceTheLastPairWasFound: 1, currentTimeFromStopWatch: 20,12, timeSinceTheLastPairWasFound: 20,12
[2026-02-23 17:55:10] During Game: Memory, LevelButtonNumber: 1, Level: level1, Game Move: 3, FoundPair: No pair, Correct: False, movesSinceTheLastPairWasFound: 2, currentTimeFromStopWatch: 22,28, timeSinceTheLastPairWasFound: 22,28
[2026-02-23 17:55:15] During Game: Memory, LevelButtonNumber: 1, Level: level1, Game Move: 4, FoundPair: 1, Correct: True, movesSinceTheLastPairWasFound: 3, currentTimeFromStopWatch: 26,53, timeSinceTheLastPairWasFound: 26,53
[2026-02-23 17:55:25] During Game: Memory, LevelButtonNumber: 1, Level: level1, Game Move: 5, FoundPair: No pair, Correct: False, movesSinceTheLastPairWasFound: 0, currentTimeFromStopWatch: 36,50, timeSinceTheLastPairWasFound: 9,97
[2026-02-23 17:55:27] During Game: Memory, LevelButtonNumber: 1, Level: level1, Game Move: 6, FoundPair: No pair, Correct: False, movesSinceTheLastPairWasFound: 1, currentTimeFromStopWatch: 38,55, timeSinceTheLastPairWasFound: 12,02
[2026-02-23 17:55:30] During Game: Memory, LevelButtonNumber: 1, Level: level1, Game Move: 7, FoundPair: No pair, Correct: False, movesSinceTheLastPairWasFound: 2, currentTimeFromStopWatch: 41,68, timeSinceTheLastPairWasFound: 15,15
[2026-02-23 17:55:32] During Game: Memory, LevelButtonNumber: 1, Level: level1, Game Move: 8, FoundPair: 2, Correct: True, movesSinceTheLastPairWasFound: 3, currentTimeFromStopWatch: 43,68, timeSinceTheLastPairWasFound: 17,15
[2026-02-23 17:55:37] During Game: Memory, LevelButtonNumber: 1, Level: level1, Game Move: 9, FoundPair: 3, Correct: True, movesSinceTheLastPairWasFound: 0, currentTimeFromStopWatch: 49,08, timeSinceTheLastPairWasFound: 5,40
[2026-02-23 17:55:37] END Game: Memory, LevelButtonNumber: 1, Level: 1, CurrentMoveNumber: 9, TimeNeededForTheLevel: 49,08
[2026-02-23 17:55:44] START Game: BirdQuiz, LevelButtonNumber: 2, Level: 2
[2026-02-23 17:55:50] Game: BirdQuiz, LevelButtonNumber: 2, Level: 2, QuestionNumber: 1, questionedBirdSong: 8_Buntspecht_3, questionedBird: Buntspecht, answerPossibilities: answerPossibility1: Buntspecht, answerPossibility2: Rauchschwalbe, answerPossibility3: Singdrossel, answerPossibility4: Amsel, givenAnswer: Rauchschwalbe, wasAnswerCorrect: False, timeNeededForThisAnswer: 6,10
[2026-02-23 17:55:58] Game: BirdQuiz, LevelButtonNumber: 2, Level: 2, QuestionNumber: 2, questionedBirdSong: 9_Singdrossel_1, questionedBird: Singdrossel, answerPossibilities: answerPossibility1: Singdrossel, answerPossibility2: Amsel, answerPossibility3: Buntspecht, answerPossibility4: Rauchschwalbe, givenAnswer: Amsel, wasAnswerCorrect: False, timeNeededForThisAnswer: 7,10
[2026-02-23 17:56:04] Game: BirdQuiz, LevelButtonNumber: 2, Level: 2, QuestionNumber: 3, questionedBirdSong: 1_Amsel_2, questionedBird: Amsel, answerPossibilities: answerPossibility1: Amsel, answerPossibility2: Buntspecht, answerPossibility3: Singdrossel, answerPossibility4: Rauchschwalbe, givenAnswer: Buntspecht, wasAnswerCorrect: False, timeNeededForThisAnswer: 5,63
[2026-02-23 17:56:11] Game: BirdQuiz, LevelButtonNumber: 2, Level: 2, QuestionNumber: 4, questionedBirdSong: 6_Rauchschwalbe_3, questionedBird: Rauchschwalbe, answerPossibilities: answerPossibility1: Singdrossel, answerPossibility2: Buntspecht, answerPossibility3: Amsel, answerPossibility4: Rauchschwalbe, givenAnswer: Rauchschwalbe, wasAnswerCorrect: True, timeNeededForThisAnswer: 5,67
[2026-02-23 17:56:11] END Game: BirdQuiz, LevelButtonNumber: 2, Level: 2, totalTimeNeeded: 27,80, amountOfQuestions: 4, correctAnswers: 1, incorrectAnswers: 3, successrate: 25,00, levelPassed: False
[2026-02-23 17:56:16] START Game: BirdQuiz, LevelButtonNumber: 2, Level: 2
[2026-02-23 17:56:24] Game: BirdQuiz, LevelButtonNumber: 2, Level: 2, QuestionNumber: 1, questionedBirdSong: 6_Rauchschwalbe_3, questionedBird: Rauchschwalbe, answerPossibilities: answerPossibility1: Buntspecht, answerPossibility2: Rauchschwalbe, answerPossibility3: Singdrossel, answerPossibility4: Amsel, givenAnswer: Rauchschwalbe, wasAnswerCorrect: True, timeNeededForThisAnswer: 7,42
[2026-02-23 17:56:30] Game: BirdQuiz, LevelButtonNumber: 2, Level: 2, QuestionNumber: 2, questionedBirdSong: 8_Buntspecht_3, questionedBird: Buntspecht, answerPossibilities: answerPossibility1: Rauchschwalbe, answerPossibility2: Buntspecht, answerPossibility3: Amsel, answerPossibility4: Singdrossel, givenAnswer: Singdrossel, wasAnswerCorrect: False, timeNeededForThisAnswer: 5,87
[2026-02-23 17:56:34] Game: BirdQuiz, LevelButtonNumber: 2, Level: 2, QuestionNumber: 3, questionedBirdSong: 1_Amsel_1, questionedBird: Amsel, answerPossibilities: answerPossibility1: Singdrossel, answerPossibility2: Buntspecht, answerPossibility3: Rauchschwalbe, answerPossibility4: Amsel, givenAnswer: Buntspecht, wasAnswerCorrect: False, timeNeededForThisAnswer: 2,98
[2026-02-23 17:56:42] Game: BirdQuiz, LevelButtonNumber: 2, Level: 2, QuestionNumber: 4, questionedBirdSong: 9_Singdrossel_2, questionedBird: Singdrossel, answerPossibilities: answerPossibility1: Rauchschwalbe, answerPossibility2: Singdrossel, answerPossibility3: Buntspecht, answerPossibility4: Amsel, givenAnswer: Singdrossel, wasAnswerCorrect: True, timeNeededForThisAnswer: 7,20
[2026-02-23 17:56:43] END Game: BirdQuiz, LevelButtonNumber: 2, Level: 2, totalTimeNeeded: 26,75, amountOfQuestions: 4, correctAnswers: 2, incorrectAnswers: 2, successrate: 50,00, levelPassed: False
[2026-02-23 17:57:08] START Game: BirdQuiz, LevelButtonNumber: 2, Level: 2
[2026-02-23 17:57:14] Game: BirdQuiz, LevelButtonNumber: 2, Level: 2, QuestionNumber: 1, questionedBirdSong: 8_Buntspecht_3, questionedBird: Buntspecht, answerPossibilities: answerPossibility1: Buntspecht, answerPossibility2: Rauchschwalbe, answerPossibility3: Singdrossel, answerPossibility4: Amsel, givenAnswer: Rauchschwalbe, wasAnswerCorrect: False, timeNeededForThisAnswer: 6,65
[2026-02-23 17:57:19] Game: BirdQuiz, LevelButtonNumber: 2, Level: 2, QuestionNumber: 2, questionedBirdSong: 9_Singdrossel_2, questionedBird: Singdrossel, answerPossibilities: answerPossibility1: Buntspecht, answerPossibility2: Singdrossel, answerPossibility3: Rauchschwalbe, answerPossibility4: Amsel, givenAnswer: Singdrossel, wasAnswerCorrect: True, timeNeededForThisAnswer: 4,37
[2026-02-23 17:57:26] Game: BirdQuiz, LevelButtonNumber: 2, Level: 2, QuestionNumber: 3, questionedBirdSong: 6_Rauchschwalbe_3, questionedBird: Rauchschwalbe, answerPossibilities: answerPossibility1: Rauchschwalbe, answerPossibility2: Singdrossel, answerPossibility3: Buntspecht, answerPossibility4: Amsel, givenAnswer: Rauchschwalbe, wasAnswerCorrect: True, timeNeededForThisAnswer: 5,60
[2026-02-23 17:57:33] Game: BirdQuiz, LevelButtonNumber: 2, Level: 2, QuestionNumber: 4, questionedBirdSong: 1_Amsel_2, questionedBird: Amsel, answerPossibilities: answerPossibility1: Amsel, answerPossibility2: Rauchschwalbe, answerPossibility3: Singdrossel, answerPossibility4: Buntspecht, givenAnswer: Amsel, wasAnswerCorrect: True, timeNeededForThisAnswer: 6,53
[2026-02-23 17:57:34] END Game: BirdQuiz, LevelButtonNumber: 2, Level: 2, totalTimeNeeded: 26,45, amountOfQuestions: 4, correctAnswers: 3, incorrectAnswers: 1, successrate: 75,00, levelPassed: True
[2026-02-23 17:57:39] START Game: Finde die Amsel, LevelButtonNumber: 3, Level: 3
[2026-02-23 17:58:03] Game: Finde die Amsel, LevelButtonNumber: 3, Level: 3, QuestionNumber: 1, selectableBird1: Amsel, selectableBird2: Singdrossel, selectableBird3: Rauchschwalbe, selectableBird4: Kohlmeise, selectableBird5: Buntspecht, questionedBird: Buntspecht, givenAnswer: Amsel, wasAnswerCorrect: False, timeNeededForTheQuestion: 23,80
[2026-02-23 17:58:13] Game: Finde die Amsel, LevelButtonNumber: 3, Level: 3, QuestionNumber: 2, selectableBird1: Amsel, selectableBird2: Kohlmeise, selectableBird3: Buntspecht, selectableBird4: Singdrossel, selectableBird5: Rauchschwalbe, questionedBird: Rauchschwalbe, givenAnswer: Rauchschwalbe, wasAnswerCorrect: True, timeNeededForTheQuestion: 9,65
[2026-02-23 17:58:27] Game: Finde die Amsel, LevelButtonNumber: 3, Level: 3, QuestionNumber: 3, selectableBird1: Rauchschwalbe, selectableBird2: Buntspecht, selectableBird3: Amsel, selectableBird4: Singdrossel, selectableBird5: Kohlmeise, questionedBird: Kohlmeise, givenAnswer: Kohlmeise, wasAnswerCorrect: True, timeNeededForTheQuestion: 12,30
[2026-02-23 17:58:38] Game: Finde die Amsel, LevelButtonNumber: 3, Level: 3, QuestionNumber: 4, selectableBird1: Amsel, selectableBird2: Buntspecht, selectableBird3: Rauchschwalbe, selectableBird4: Kohlmeise, selectableBird5: Singdrossel, questionedBird: Singdrossel, givenAnswer: Singdrossel, wasAnswerCorrect: True, timeNeededForTheQuestion: 10,38
[2026-02-23 17:58:50] Game: Finde die Amsel, LevelButtonNumber: 3, Level: 3, QuestionNumber: 5, selectableBird1: Singdrossel, selectableBird2: Buntspecht, selectableBird3: Rauchschwalbe, selectableBird4: Kohlmeise, selectableBird5: Amsel, questionedBird: Amsel, givenAnswer: Buntspecht, wasAnswerCorrect: False, timeNeededForTheQuestion: 10,52
[2026-02-23 17:58:51] END Game: Finde die Amsel, LevelButtonNumber: 3, Level: 3, TimeNeededForTheLevel: 71,77, amountOfQuestions: 5, richtigeAnswersCounter: 3, falseAnswersCounter: 2, successrate: 60,00, levelPassed: True
[2026-02-23 17:59:15] START Game: BirdChorOrder, LevelButtonNumber: 4, Level: 4
[2026-02-23 17:59:50] Game: BirdChorOrder, LevelButtonNumber: 4, Level: 4, QuestionNumber: 1, singingBird1: 9_Singdrossel_1, singingBird2: 5_Kohlmeise_2, singingBird3: 2_Rotkehlchen_3, singingBird4: 6_Rauchschwalbe_2, Bird1: Rauchschwalbe wasCorrect: False, Bird2: Kohlmeise wasCorrect: True, Bird3: Rotkehlchen wasCorrect: True, Bird4: Singdrossel wasCorrect: False, timeNeededForTheQuestion: 35,54977
[2026-02-23 18:00:18] Game: BirdChorOrder, LevelButtonNumber: 4, Level: 4, QuestionNumber: 2, singingBird1: 8_Buntspecht_3, singingBird2: 1_Amsel_1, singingBird3: 9_Singdrossel_2, singingBird4: 2_Rotkehlchen_1, Bird1: Buntspecht wasCorrect: True, Bird2: Amsel wasCorrect: True, Bird3: Singdrossel wasCorrect: True, Bird4: Rotkehlchen wasCorrect: True, timeNeededForTheQuestion: 26,35123
[2026-02-23 18:00:43] Game: BirdChorOrder, LevelButtonNumber: 4, Level: 4, QuestionNumber: 3, singingBird1: 9_Singdrossel_1, singingBird2: 8_Buntspecht_3, singingBird3: 1_Amsel_2, singingBird4: 5_Kohlmeise_2, Bird1: Kohlmeise wasCorrect: False, Bird2: Buntspecht wasCorrect: True, Bird3: Singdrossel wasCorrect: False, Bird4: Amsel wasCorrect: False, timeNeededForTheQuestion: 23,99751
[2026-02-23 18:00:59] Game: BirdChorOrder, LevelButtonNumber: 4, Level: 4, QuestionNumber: 4, singingBird1: 8_Buntspecht_2, singingBird2: 1_Amsel_1, singingBird3: 5_Kohlmeise_3, singingBird4: 9_Singdrossel_1, Bird1: Buntspecht wasCorrect: True, Bird2: Amsel wasCorrect: True, Bird3: Kohlmeise wasCorrect: True, Bird4: Singdrossel wasCorrect: True, timeNeededForTheQuestion: 14,83181
[2026-02-23 18:00:59] END Game: BirdChorOrder, LevelButtonNumber: 4, Level: 4, TimeNeededForTheLevel: 103,8136, AchievedPoints: 11, AchieveablePoints: 16, Successrate: 68,75, levelPassed: True
[2026-02-23 18:01:38] START Game: BirdChor - Syncron, LevelButtonNumber: 5, Level: level4
[2026-02-23 18:01:51] Game: BirdChor - Syncron, LevelButtonNumber: 5, Level: level4, QuestionNumber: 1, singingBird1: 2_Rotkehlchen_2, singingBird2: 1_Amsel_2, answerPossibility1: Singdrossel, answerPossibility2: Rotkehlchen, answerPossibility3: Amsel, answerPossibility4: Buntspecht, givenAnswer1: Rotkehlchen wasCorrect: True, givenAnswer2: Buntspecht  wasCorrect: False, timeNeededForTheQuestion: 12,73
[2026-02-23 18:02:02] Game: BirdChor - Syncron, LevelButtonNumber: 5, Level: level4, QuestionNumber: 2, singingBird1: 2_Rotkehlchen_1, singingBird2: 9_Singdrossel_1, answerPossibility1: Singdrossel, answerPossibility2: Rotkehlchen, answerPossibility3: Kohlmeise, answerPossibility4: Amsel, givenAnswer1: Singdrossel wasCorrect: True, givenAnswer2: Rotkehlchen  wasCorrect: True, timeNeededForTheQuestion: 9,37
[2026-02-23 18:02:10] Game: BirdChor - Syncron, LevelButtonNumber: 5, Level: level4, QuestionNumber: 3, singingBird1: 5_Kohlmeise_1, singingBird2: 1_Amsel_1, answerPossibility1: Rotkehlchen, answerPossibility2: Amsel, answerPossibility3: Rauchschwalbe, answerPossibility4: Kohlmeise, givenAnswer1: Amsel wasCorrect: True, givenAnswer2: Kohlmeise  wasCorrect: True, timeNeededForTheQuestion: 7,03
[2026-02-23 18:02:20] Game: BirdChor - Syncron, LevelButtonNumber: 5, Level: level4, QuestionNumber: 4, singingBird1: 2_Rotkehlchen_2, singingBird2: 6_Rauchschwalbe_2, answerPossibility1: Rotkehlchen, answerPossibility2: Rauchschwalbe, answerPossibility3: Amsel, answerPossibility4: Singdrossel, givenAnswer1: Rotkehlchen wasCorrect: True, givenAnswer2: Rauchschwalbe  wasCorrect: True, timeNeededForTheQuestion: 9,62
[2026-02-23 18:02:20] END Game: BirdChor - Syncron, LevelButtonNumber: 5, Level: level4, TimeNeededForTheLevel: 41,83, AchievedPoints: 7, AchieveablePoints: 8, Successrate: 87,50, levelPassed: True
[2026-02-23 18:02:24] START Game: BirdQuiz, LevelButtonNumber: 6, Level: 4
[2026-02-23 18:02:29] Game: BirdQuiz, LevelButtonNumber: 6, Level: 4, QuestionNumber: 1, questionedBirdSong: 6_Rauchschwalbe_1, questionedBird: Rauchschwalbe, answerPossibilities: answerPossibility1: Rauchschwalbe, answerPossibility2: Amsel, answerPossibility3: Rotkehlchen, answerPossibility4: Kohlmeise, givenAnswer: Rauchschwalbe, wasAnswerCorrect: True, timeNeededForThisAnswer: 5,28
[2026-02-23 18:02:44] Game: BirdQuiz, LevelButtonNumber: 6, Level: 4, QuestionNumber: 2, questionedBirdSong: 9_Singdrossel_2, questionedBird: Singdrossel, answerPossibilities: answerPossibility1: Rotkehlchen, answerPossibility2: Singdrossel, answerPossibility3: Rauchschwalbe, answerPossibility4: Buntspecht, givenAnswer: Rotkehlchen, wasAnswerCorrect: False, timeNeededForThisAnswer: 13,28
[2026-02-23 18:02:49] Game: BirdQuiz, LevelButtonNumber: 6, Level: 4, QuestionNumber: 3, questionedBirdSong: 2_Rotkehlchen_3, questionedBird: Rotkehlchen, answerPossibilities: answerPossibility1: Buntspecht, answerPossibility2: Rauchschwalbe, answerPossibility3: Rotkehlchen, answerPossibility4: Kohlmeise, givenAnswer: Rotkehlchen, wasAnswerCorrect: True, timeNeededForThisAnswer: 5,07
[2026-02-23 18:02:56] Game: BirdQuiz, LevelButtonNumber: 6, Level: 4, QuestionNumber: 4, questionedBirdSong: 1_Amsel_1, questionedBird: Amsel, answerPossibilities: answerPossibility1: Rauchschwalbe, answerPossibility2: Buntspecht, answerPossibility3: Amsel, answerPossibility4: Singdrossel, givenAnswer: Amsel, wasAnswerCorrect: True, timeNeededForThisAnswer: 5,63
[2026-02-23 18:03:01] Game: BirdQuiz, LevelButtonNumber: 6, Level: 4, QuestionNumber: 5, questionedBirdSong: 8_Buntspecht_3, questionedBird: Buntspecht, answerPossibilities: answerPossibility1: Kohlmeise, answerPossibility2: Buntspecht, answerPossibility3: Rauchschwalbe, answerPossibility4: Amsel, givenAnswer: Buntspecht, wasAnswerCorrect: True, timeNeededForThisAnswer: 4,10
[2026-02-23 18:03:06] Game: BirdQuiz, LevelButtonNumber: 6, Level: 4, QuestionNumber: 6, questionedBirdSong: 5_Kohlmeise_3, questionedBird: Kohlmeise, answerPossibilities: answerPossibility1: Singdrossel, answerPossibility2: Kohlmeise, answerPossibility3: Rotkehlchen, answerPossibility4: Amsel, givenAnswer: Kohlmeise, wasAnswerCorrect: True, timeNeededForThisAnswer: 4,43
[2026-02-23 18:03:07] END Game: BirdQuiz, LevelButtonNumber: 6, Level: 4, totalTimeNeeded: 42,72, amountOfQuestions: 6, correctAnswers: 5, incorrectAnswers: 1, successrate: 83,33, levelPassed: True
[2026-02-23 18:03:40] START Game: Memory, LevelButtonNumber: 7, Level: 5
[2026-02-23 18:03:50] During Game: Memory, LevelButtonNumber: 7, Level: level5, Game Move: 1, FoundPair: No pair, Correct: False, movesSinceTheLastPairWasFound: 0, currentTimeFromStopWatch: 10,17, timeSinceTheLastPairWasFound: 10,17
[2026-02-23 18:03:58] During Game: Memory, LevelButtonNumber: 7, Level: level5, Game Move: 2, FoundPair: No pair, Correct: False, movesSinceTheLastPairWasFound: 1, currentTimeFromStopWatch: 17,53, timeSinceTheLastPairWasFound: 17,53
[2026-02-23 18:04:01] During Game: Memory, LevelButtonNumber: 7, Level: level5, Game Move: 3, FoundPair: 1, Correct: True, movesSinceTheLastPairWasFound: 2, currentTimeFromStopWatch: 21,20, timeSinceTheLastPairWasFound: 21,20
[2026-02-23 18:04:04] During Game: Memory, LevelButtonNumber: 7, Level: level5, Game Move: 4, FoundPair: No pair, Correct: False, movesSinceTheLastPairWasFound: 0, currentTimeFromStopWatch: 23,78, timeSinceTheLastPairWasFound: 2,58
[2026-02-23 18:04:08] During Game: Memory, LevelButtonNumber: 7, Level: level5, Game Move: 5, FoundPair: 2, Correct: True, movesSinceTheLastPairWasFound: 1, currentTimeFromStopWatch: 27,40, timeSinceTheLastPairWasFound: 6,20
[2026-02-23 18:04:12] During Game: Memory, LevelButtonNumber: 7, Level: level5, Game Move: 6, FoundPair: 3, Correct: True, movesSinceTheLastPairWasFound: 0, currentTimeFromStopWatch: 32,15, timeSinceTheLastPairWasFound: 4,75
[2026-02-23 18:04:15] During Game: Memory, LevelButtonNumber: 7, Level: level5, Game Move: 7, FoundPair: 4, Correct: True, movesSinceTheLastPairWasFound: 0, currentTimeFromStopWatch: 34,40, timeSinceTheLastPairWasFound: 2,25
[2026-02-23 18:04:17] During Game: Memory, LevelButtonNumber: 7, Level: level5, Game Move: 8, FoundPair: No pair, Correct: False, movesSinceTheLastPairWasFound: 0, currentTimeFromStopWatch: 36,73, timeSinceTheLastPairWasFound: 2,33
[2026-02-23 18:04:20] During Game: Memory, LevelButtonNumber: 7, Level: level5, Game Move: 9, FoundPair: No pair, Correct: False, movesSinceTheLastPairWasFound: 1, currentTimeFromStopWatch: 39,35, timeSinceTheLastPairWasFound: 4,95
[2026-02-23 18:04:27] During Game: Memory, LevelButtonNumber: 7, Level: level5, Game Move: 10, FoundPair: 5, Correct: True, movesSinceTheLastPairWasFound: 2, currentTimeFromStopWatch: 46,60, timeSinceTheLastPairWasFound: 12,20
[2026-02-23 18:04:33] During Game: Memory, LevelButtonNumber: 7, Level: level5, Game Move: 11, FoundPair: 6, Correct: True, movesSinceTheLastPairWasFound: 0, currentTimeFromStopWatch: 52,78, timeSinceTheLastPairWasFound: 6,18
[2026-02-23 18:04:39] During Game: Memory, LevelButtonNumber: 7, Level: level5, Game Move: 12, FoundPair: 7, Correct: True, movesSinceTheLastPairWasFound: 0, currentTimeFromStopWatch: 58,52, timeSinceTheLastPairWasFound: 5,73
[2026-02-23 18:04:39] END Game: Memory, LevelButtonNumber: 7, Level: 5, CurrentMoveNumber: 12, TimeNeededForTheLevel: 58,52
[2026-02-23 18:04:50] START Game: Finde die Amsel, LevelButtonNumber: 8, Level: 6
[2026-02-23 18:04:56] Game: Finde die Amsel, LevelButtonNumber: 8, Level: 6, QuestionNumber: 1, selectableBird1: Kohlmeise, selectableBird2: Rotkehlchen, selectableBird3: Amsel, selectableBird4: Rauchschwalbe, selectableBird5: Blaumeise, questionedBird: Blaumeise, givenAnswer: Kohlmeise, wasAnswerCorrect: False, timeNeededForTheQuestion: 6,28
[2026-02-23 18:05:06] Game: Finde die Amsel, LevelButtonNumber: 8, Level: 6, QuestionNumber: 2, selectableBird1: Blaumeise, selectableBird2: Rauchschwalbe, selectableBird3: Rotkehlchen, selectableBird4: Amsel, selectableBird5: Kohlmeise, questionedBird: Kohlmeise, givenAnswer: Kohlmeise, wasAnswerCorrect: True, timeNeededForTheQuestion: 9,35
[2026-02-23 18:05:17] Game: Finde die Amsel, LevelButtonNumber: 8, Level: 6, QuestionNumber: 3, selectableBird1: Blaumeise, selectableBird2: Eisvogel, selectableBird3: Rotkehlchen, selectableBird4: Buntspecht, selectableBird5: Amsel, questionedBird: Amsel, givenAnswer: Amsel, wasAnswerCorrect: True, timeNeededForTheQuestion: 9,58
[2026-02-23 18:05:20] Game: Finde die Amsel, LevelButtonNumber: 8, Level: 6, QuestionNumber: 4, selectableBird1: Amsel, selectableBird2: Singdrossel, selectableBird3: Rauchschwalbe, selectableBird4: Blaumeise, selectableBird5: Buntspecht, questionedBird: Buntspecht, givenAnswer: Buntspecht, wasAnswerCorrect: True, timeNeededForTheQuestion: 2,32
[2026-02-23 18:05:35] Game: Finde die Amsel, LevelButtonNumber: 8, Level: 6, QuestionNumber: 5, selectableBird1: Blaumeise, selectableBird2: Buntspecht, selectableBird3: Singdrossel, selectableBird4: Amsel, selectableBird5: Rotkehlchen, questionedBird: Rotkehlchen, givenAnswer: Rotkehlchen, wasAnswerCorrect: True, timeNeededForTheQuestion: 13,70
[2026-02-23 18:06:39] Game: Finde die Amsel, LevelButtonNumber: 8, Level: 6, QuestionNumber: 6, selectableBird1: Rotkehlchen, selectableBird2: Blaumeise, selectableBird3: Rauchschwalbe, selectableBird4: Eisvogel, selectableBird5: Singdrossel, questionedBird: Singdrossel, givenAnswer: Singdrossel, wasAnswerCorrect: True, timeNeededForTheQuestion: 63,23
[2026-02-23 18:06:47] Game: Finde die Amsel, LevelButtonNumber: 8, Level: 6, QuestionNumber: 7, selectableBird1: Kohlmeise, selectableBird2: Rotkehlchen, selectableBird3: Blaumeise, selectableBird4: Amsel, selectableBird5: Rauchschwalbe, questionedBird: Rauchschwalbe, givenAnswer: Rauchschwalbe, wasAnswerCorrect: True, timeNeededForTheQuestion: 7,33
[2026-02-23 18:07:08] Game: Finde die Amsel, LevelButtonNumber: 8, Level: 6, QuestionNumber: 8, selectableBird1: Rotkehlchen, selectableBird2: Buntspecht, selectableBird3: Rauchschwalbe, selectableBird4: Singdrossel, selectableBird5: Eisvogel, questionedBird: Eisvogel, givenAnswer: Rotkehlchen, wasAnswerCorrect: False, timeNeededForTheQuestion: 19,36
[2026-02-23 18:07:09] END Game: Finde die Amsel, LevelButtonNumber: 8, Level: 6, TimeNeededForTheLevel: 139,34, amountOfQuestions: 8, richtigeAnswersCounter: 6, falseAnswersCounter: 2, successrate: 75,00, levelPassed: True
[2026-02-23 18:07:12] START Game: BirdChor - Syncron, LevelButtonNumber: 9, Level: level6
[2026-02-23 18:07:23] Game: BirdChor - Syncron, LevelButtonNumber: 9, Level: level6, QuestionNumber: 1, singingBird1: 6_Rauchschwalbe_2, singingBird2: 5_Kohlmeise_3, singingBird3: 8_Buntspecht_1, answerPossibility1: Buntspecht, answerPossibility2: Kohlmeise, answerPossibility3: Rotkehlchen, answerPossibility4: Rauchschwalbe, answerPossibility5: Eisvogel, givenAnswer1: Buntspecht wasCorrect: True, givenAnswer2: Rotkehlchen  wasCorrect: False, givenAnswer3: Rauchschwalbe  wasCorrect: True, timeNeededForTheQuestion: 11,62
[2026-02-23 18:07:41] Game: BirdChor - Syncron, LevelButtonNumber: 9, Level: level6, QuestionNumber: 2, singingBird1: 3_Blaumeise_1, singingBird2: 2_Rotkehlchen_2, singingBird3: 10_Eisvogel_1, answerPossibility1: Blaumeise, answerPossibility2: Buntspecht, answerPossibility3: Rotkehlchen, answerPossibility4: Singdrossel, answerPossibility5: Eisvogel, givenAnswer1: Blaumeise wasCorrect: True, givenAnswer2: Rotkehlchen  wasCorrect: True, givenAnswer3: Eisvogel  wasCorrect: True, timeNeededForTheQuestion: 16,17
[2026-02-23 18:07:58] Game: BirdChor - Syncron, LevelButtonNumber: 9, Level: level6, QuestionNumber: 3, singingBird1: 10_Eisvogel_2, singingBird2: 5_Kohlmeise_2, singingBird3: 1_Amsel_2, answerPossibility1: Kohlmeise, answerPossibility2: Eisvogel, answerPossibility3: Blaumeise, answerPossibility4: Amsel, answerPossibility5: Buntspecht, givenAnswer1: Kohlmeise wasCorrect: True, givenAnswer2: Eisvogel  wasCorrect: True, givenAnswer3: Blaumeise  wasCorrect: False, timeNeededForTheQuestion: 16,28
[2026-02-23 18:08:09] Game: BirdChor - Syncron, LevelButtonNumber: 9, Level: level6, QuestionNumber: 4, singingBird1: 5_Kohlmeise_2, singingBird2: 1_Amsel_2, singingBird3: 9_Singdrossel_2, answerPossibility1: Blaumeise, answerPossibility2: Buntspecht, answerPossibility3: Amsel, answerPossibility4: Singdrossel, answerPossibility5: Kohlmeise, givenAnswer1: Buntspecht wasCorrect: False, givenAnswer2: Singdrossel  wasCorrect: True, givenAnswer3: Kohlmeise  wasCorrect: True, timeNeededForTheQuestion: 10,28
[2026-02-23 18:08:09] END Game: BirdChor - Syncron, LevelButtonNumber: 9, Level: level6, TimeNeededForTheLevel: 57,43, AchievedPoints: 9, AchieveablePoints: 12, Successrate: 75,00, levelPassed: True
[2026-02-23 18:08:22] START Game: BirdQuiz, LevelButtonNumber: 10, Level: 7
[2026-02-23 18:08:27] Game: BirdQuiz, LevelButtonNumber: 10, Level: 7, QuestionNumber: 1, questionedBirdSong: 1_Amsel_1, questionedBird: Amsel, answerPossibilities: answerPossibility1: Rotkehlchen, answerPossibility2: Kohlmeise, answerPossibility3: Blaumeise, answerPossibility4: Amsel, givenAnswer: Amsel, wasAnswerCorrect: True, timeNeededForThisAnswer: 4,42
[2026-02-23 18:08:35] Game: BirdQuiz, LevelButtonNumber: 10, Level: 7, QuestionNumber: 2, questionedBirdSong: 10_Eisvogel_2, questionedBird: Eisvogel, answerPossibilities: answerPossibility1: Buntspecht, answerPossibility2: Rotkehlchen, answerPossibility3: Kohlmeise, answerPossibility4: Eisvogel, givenAnswer: Rotkehlchen, wasAnswerCorrect: False, timeNeededForThisAnswer: 7,78
[2026-02-23 18:08:43] Game: BirdQuiz, LevelButtonNumber: 10, Level: 7, QuestionNumber: 3, questionedBirdSong: 3_Blaumeise_1, questionedBird: Blaumeise, answerPossibilities: answerPossibility1: Buntspecht, answerPossibility2: Singdrossel, answerPossibility3: Blaumeise, answerPossibility4: Rauchschwalbe, givenAnswer: Rauchschwalbe, wasAnswerCorrect: False, timeNeededForThisAnswer: 6,47
[2026-02-23 18:08:47] Game: BirdQuiz, LevelButtonNumber: 10, Level: 7, QuestionNumber: 4, questionedBirdSong: 6_Rauchschwalbe_2, questionedBird: Rauchschwalbe, answerPossibilities: answerPossibility1: Buntspecht, answerPossibility2: Rauchschwalbe, answerPossibility3: Rotkehlchen, answerPossibility4: Singdrossel, givenAnswer: Rauchschwalbe, wasAnswerCorrect: True, timeNeededForThisAnswer: 3,25
[2026-02-23 18:08:51] Game: BirdQuiz, LevelButtonNumber: 10, Level: 7, QuestionNumber: 5, questionedBirdSong: 8_Buntspecht_2, questionedBird: Buntspecht, answerPossibilities: answerPossibility1: Singdrossel, answerPossibility2: Buntspecht, answerPossibility3: Blaumeise, answerPossibility4: Amsel, givenAnswer: Buntspecht, wasAnswerCorrect: True, timeNeededForThisAnswer: 3,42
[2026-02-23 18:08:56] Game: BirdQuiz, LevelButtonNumber: 10, Level: 7, QuestionNumber: 6, questionedBirdSong: 2_Rotkehlchen_2, questionedBird: Rotkehlchen, answerPossibilities: answerPossibility1: Amsel, answerPossibility2: Rotkehlchen, answerPossibility3: Buntspecht, answerPossibility4: Kohlmeise, givenAnswer: Rotkehlchen, wasAnswerCorrect: True, timeNeededForThisAnswer: 3,82
[2026-02-23 18:09:02] Game: BirdQuiz, LevelButtonNumber: 10, Level: 7, QuestionNumber: 7, questionedBirdSong: 7_Buchfink_1, questionedBird: Buchfink, answerPossibilities: answerPossibility1: Kohlmeise, answerPossibility2: Buchfink, answerPossibility3: Rotkehlchen, answerPossibility4: Rauchschwalbe, givenAnswer: Rauchschwalbe, wasAnswerCorrect: False, timeNeededForThisAnswer: 5,33
[2026-02-23 18:09:07] Game: BirdQuiz, LevelButtonNumber: 10, Level: 7, QuestionNumber: 8, questionedBirdSong: 5_Kohlmeise_3, questionedBird: Kohlmeise, answerPossibilities: answerPossibility1: Kohlmeise, answerPossibility2: Buchfink, answerPossibility3: Eisvogel, answerPossibility4: Amsel, givenAnswer: Kohlmeise, wasAnswerCorrect: True, timeNeededForThisAnswer: 4,43
[2026-02-23 18:09:14] Game: BirdQuiz, LevelButtonNumber: 10, Level: 7, QuestionNumber: 9, questionedBirdSong: 9_Singdrossel_2, questionedBird: Singdrossel, answerPossibilities: answerPossibility1: Buchfink, answerPossibility2: Singdrossel, answerPossibility3: Amsel, answerPossibility4: Rotkehlchen, givenAnswer: Singdrossel, wasAnswerCorrect: True, timeNeededForThisAnswer: 6,48
[2026-02-23 18:09:15] END Game: BirdQuiz, LevelButtonNumber: 10, Level: 7, totalTimeNeeded: 52,85, amountOfQuestions: 9, correctAnswers: 6, incorrectAnswers: 3, successrate: 66,67, levelPassed: True
[2026-02-23 18:09:35] START Game: BirdChorOrder, LevelButtonNumber: 11, Level: 8
[2026-02-23 18:09:51] Game: BirdChorOrder, LevelButtonNumber: 11, Level: 8, QuestionNumber: 1, singingBird1: 4_Haussperling_1, singingBird2: 1_Amsel_1, singingBird3: 5_Kohlmeise_3, singingBird4: 8_Buntspecht_1, Bird1: Spatz wasCorrect: True, Bird2: Amsel wasCorrect: True, Bird3: Kohlmeise wasCorrect: True, Bird4: Buntspecht wasCorrect: True, timeNeededForTheQuestion: 16,50023
[2026-02-23 18:10:09] Game: BirdChorOrder, LevelButtonNumber: 11, Level: 8, QuestionNumber: 2, singingBird1: 6_Rauchschwalbe_3, singingBird2: 10_Eisvogel_2, singingBird3: 2_Rotkehlchen_2, singingBird4: 5_Kohlmeise_1, Bird1: Rauchschwalbe wasCorrect: True, Bird2: Rotkehlchen wasCorrect: False, Bird3: Eisvogel wasCorrect: False, Bird4: Kohlmeise wasCorrect: True, timeNeededForTheQuestion: 16,38304
[2026-02-23 18:10:34] Game: BirdChorOrder, LevelButtonNumber: 11, Level: 8, QuestionNumber: 3, singingBird1: 9_Singdrossel_2, singingBird2: 1_Amsel_1, singingBird3: 4_Haussperling_2, singingBird4: 5_Kohlmeise_1, Bird1: Singdrossel wasCorrect: True, Bird2: Amsel wasCorrect: True, Bird3: Spatz wasCorrect: True, Bird4: Kohlmeise wasCorrect: True, timeNeededForTheQuestion: 24,55103
[2026-02-23 18:10:55] Game: BirdChorOrder, LevelButtonNumber: 11, Level: 8, QuestionNumber: 4, singingBird1: 10_Eisvogel_1, singingBird2: 7_Buchfink_1, singingBird3: 2_Rotkehlchen_3, singingBird4: 1_Amsel_1, Bird1: Rotkehlchen wasCorrect: False, Bird2: Buchfink wasCorrect: True, Bird3: Eisvogel wasCorrect: False, Bird4: Amsel wasCorrect: True, timeNeededForTheQuestion: 19,51525
[2026-02-23 18:10:55] END Game: BirdChorOrder, LevelButtonNumber: 11, Level: 8, TimeNeededForTheLevel: 80,04949, AchievedPoints: 12, AchieveablePoints: 16, Successrate: 75,00, levelPassed: True
[2026-02-23 18:10:59] START Game: Memory, LevelButtonNumber: 12, Level: 8
[2026-02-23 18:11:05] During Game: Memory, LevelButtonNumber: 12, Level: level8, Game Move: 1, FoundPair: No pair, Correct: False, movesSinceTheLastPairWasFound: 0, currentTimeFromStopWatch: 6,58, timeSinceTheLastPairWasFound: 6,58
[2026-02-23 18:11:19] During Game: Memory, LevelButtonNumber: 12, Level: level8, Game Move: 2, FoundPair: No pair, Correct: False, movesSinceTheLastPairWasFound: 1, currentTimeFromStopWatch: 20,80, timeSinceTheLastPairWasFound: 20,80
[2026-02-23 18:11:24] During Game: Memory, LevelButtonNumber: 12, Level: level8, Game Move: 3, FoundPair: No pair, Correct: False, movesSinceTheLastPairWasFound: 2, currentTimeFromStopWatch: 24,95, timeSinceTheLastPairWasFound: 24,95
[2026-02-23 18:11:28] During Game: Memory, LevelButtonNumber: 12, Level: level8, Game Move: 4, FoundPair: No pair, Correct: False, movesSinceTheLastPairWasFound: 3, currentTimeFromStopWatch: 29,82, timeSinceTheLastPairWasFound: 29,82
[2026-02-23 18:11:32] During Game: Memory, LevelButtonNumber: 12, Level: level8, Game Move: 5, FoundPair: No pair, Correct: False, movesSinceTheLastPairWasFound: 4, currentTimeFromStopWatch: 33,37, timeSinceTheLastPairWasFound: 33,37
[2026-02-23 18:11:36] During Game: Memory, LevelButtonNumber: 12, Level: level8, Game Move: 6, FoundPair: No pair, Correct: False, movesSinceTheLastPairWasFound: 5, currentTimeFromStopWatch: 37,83, timeSinceTheLastPairWasFound: 37,83
[2026-02-23 18:11:38] During Game: Memory, LevelButtonNumber: 12, Level: level8, Game Move: 7, FoundPair: 1, Correct: True, movesSinceTheLastPairWasFound: 6, currentTimeFromStopWatch: 39,72, timeSinceTheLastPairWasFound: 39,72
[2026-02-23 18:11:41] During Game: Memory, LevelButtonNumber: 12, Level: level8, Game Move: 8, FoundPair: No pair, Correct: False, movesSinceTheLastPairWasFound: 0, currentTimeFromStopWatch: 42,53, timeSinceTheLastPairWasFound: 2,82
[2026-02-23 18:11:44] During Game: Memory, LevelButtonNumber: 12, Level: level8, Game Move: 9, FoundPair: No pair, Correct: False, movesSinceTheLastPairWasFound: 1, currentTimeFromStopWatch: 45,87, timeSinceTheLastPairWasFound: 6,15
[2026-02-23 18:11:48] During Game: Memory, LevelButtonNumber: 12, Level: level8, Game Move: 10, FoundPair: No pair, Correct: False, movesSinceTheLastPairWasFound: 2, currentTimeFromStopWatch: 49,53, timeSinceTheLastPairWasFound: 9,82
[2026-02-23 18:11:50] During Game: Memory, LevelButtonNumber: 12, Level: level8, Game Move: 11, FoundPair: No pair, Correct: False, movesSinceTheLastPairWasFound: 3, currentTimeFromStopWatch: 51,80, timeSinceTheLastPairWasFound: 12,08
[2026-02-23 18:11:52] During Game: Memory, LevelButtonNumber: 12, Level: level8, Game Move: 12, FoundPair: No pair, Correct: False, movesSinceTheLastPairWasFound: 4, currentTimeFromStopWatch: 53,90, timeSinceTheLastPairWasFound: 14,18
[2026-02-23 18:11:57] During Game: Memory, LevelButtonNumber: 12, Level: level8, Game Move: 13, FoundPair: No pair, Correct: False, movesSinceTheLastPairWasFound: 5, currentTimeFromStopWatch: 58,25, timeSinceTheLastPairWasFound: 18,53
[2026-02-23 18:11:59] During Game: Memory, LevelButtonNumber: 12, Level: level8, Game Move: 14, FoundPair: 2, Correct: True, movesSinceTheLastPairWasFound: 6, currentTimeFromStopWatch: 60,17, timeSinceTheLastPairWasFound: 20,45
[2026-02-23 18:12:04] During Game: Memory, LevelButtonNumber: 12, Level: level8, Game Move: 15, FoundPair: No pair, Correct: False, movesSinceTheLastPairWasFound: 0, currentTimeFromStopWatch: 65,15, timeSinceTheLastPairWasFound: 4,98
[2026-02-23 18:12:08] During Game: Memory, LevelButtonNumber: 12, Level: level8, Game Move: 16, FoundPair: No pair, Correct: False, movesSinceTheLastPairWasFound: 1, currentTimeFromStopWatch: 69,45, timeSinceTheLastPairWasFound: 9,28
[2026-02-23 18:12:10] During Game: Memory, LevelButtonNumber: 12, Level: level8, Game Move: 17, FoundPair: No pair, Correct: False, movesSinceTheLastPairWasFound: 2, currentTimeFromStopWatch: 71,57, timeSinceTheLastPairWasFound: 11,40
[2026-02-23 18:12:12] During Game: Memory, LevelButtonNumber: 12, Level: level8, Game Move: 18, FoundPair: No pair, Correct: False, movesSinceTheLastPairWasFound: 3, currentTimeFromStopWatch: 73,80, timeSinceTheLastPairWasFound: 13,63
[2026-02-23 18:12:15] During Game: Memory, LevelButtonNumber: 12, Level: level8, Game Move: 19, FoundPair: No pair, Correct: False, movesSinceTheLastPairWasFound: 4, currentTimeFromStopWatch: 76,10, timeSinceTheLastPairWasFound: 15,93
[2026-02-23 18:12:18] During Game: Memory, LevelButtonNumber: 12, Level: level8, Game Move: 20, FoundPair: No pair, Correct: False, movesSinceTheLastPairWasFound: 5, currentTimeFromStopWatch: 79,57, timeSinceTheLastPairWasFound: 19,40
[2026-02-23 18:12:22] During Game: Memory, LevelButtonNumber: 12, Level: level8, Game Move: 21, FoundPair: 3, Correct: True, movesSinceTheLastPairWasFound: 6, currentTimeFromStopWatch: 83,75, timeSinceTheLastPairWasFound: 23,58
[2026-02-23 18:12:26] During Game: Memory, LevelButtonNumber: 12, Level: level8, Game Move: 22, FoundPair: No pair, Correct: False, movesSinceTheLastPairWasFound: 0, currentTimeFromStopWatch: 87,22, timeSinceTheLastPairWasFound: 3,47
[2026-02-23 18:12:29] During Game: Memory, LevelButtonNumber: 12, Level: level8, Game Move: 23, FoundPair: No pair, Correct: False, movesSinceTheLastPairWasFound: 1, currentTimeFromStopWatch: 89,92, timeSinceTheLastPairWasFound: 6,17
[2026-02-23 18:12:31] During Game: Memory, LevelButtonNumber: 12, Level: level8, Game Move: 24, FoundPair: No pair, Correct: False, movesSinceTheLastPairWasFound: 2, currentTimeFromStopWatch: 92,10, timeSinceTheLastPairWasFound: 8,35
[2026-02-23 18:12:33] During Game: Memory, LevelButtonNumber: 12, Level: level8, Game Move: 25, FoundPair: No pair, Correct: False, movesSinceTheLastPairWasFound: 3, currentTimeFromStopWatch: 94,16, timeSinceTheLastPairWasFound: 10,42
[2026-02-23 18:12:35] During Game: Memory, LevelButtonNumber: 12, Level: level8, Game Move: 26, FoundPair: No pair, Correct: False, movesSinceTheLastPairWasFound: 4, currentTimeFromStopWatch: 96,80, timeSinceTheLastPairWasFound: 13,05
[2026-02-23 18:12:38] During Game: Memory, LevelButtonNumber: 12, Level: level8, Game Move: 27, FoundPair: No pair, Correct: False, movesSinceTheLastPairWasFound: 5, currentTimeFromStopWatch: 99,01, timeSinceTheLastPairWasFound: 15,26
[2026-02-23 18:12:40] During Game: Memory, LevelButtonNumber: 12, Level: level8, Game Move: 28, FoundPair: 4, Correct: True, movesSinceTheLastPairWasFound: 6, currentTimeFromStopWatch: 101,20, timeSinceTheLastPairWasFound: 17,45
[2026-02-23 18:12:44] During Game: Memory, LevelButtonNumber: 12, Level: level8, Game Move: 29, FoundPair: No pair, Correct: False, movesSinceTheLastPairWasFound: 0, currentTimeFromStopWatch: 105,85, timeSinceTheLastPairWasFound: 4,65
[2026-02-23 18:12:47] During Game: Memory, LevelButtonNumber: 12, Level: level8, Game Move: 30, FoundPair: No pair, Correct: False, movesSinceTheLastPairWasFound: 1, currentTimeFromStopWatch: 108,48, timeSinceTheLastPairWasFound: 7,28
[2026-02-23 18:12:51] During Game: Memory, LevelButtonNumber: 12, Level: level8, Game Move: 31, FoundPair: 5, Correct: True, movesSinceTheLastPairWasFound: 2, currentTimeFromStopWatch: 112,43, timeSinceTheLastPairWasFound: 11,23
[2026-02-23 18:12:56] During Game: Memory, LevelButtonNumber: 12, Level: level8, Game Move: 32, FoundPair: No pair, Correct: False, movesSinceTheLastPairWasFound: 0, currentTimeFromStopWatch: 117,35, timeSinceTheLastPairWasFound: 4,92
[2026-02-23 18:13:01] During Game: Memory, LevelButtonNumber: 12, Level: level8, Game Move: 33, FoundPair: No pair, Correct: False, movesSinceTheLastPairWasFound: 1, currentTimeFromStopWatch: 122,26, timeSinceTheLastPairWasFound: 9,83
[2026-02-23 18:13:03] During Game: Memory, LevelButtonNumber: 12, Level: level8, Game Move: 34, FoundPair: No pair, Correct: False, movesSinceTheLastPairWasFound: 2, currentTimeFromStopWatch: 124,89, timeSinceTheLastPairWasFound: 12,47
[2026-02-23 18:13:06] During Game: Memory, LevelButtonNumber: 12, Level: level8, Game Move: 35, FoundPair: No pair, Correct: False, movesSinceTheLastPairWasFound: 3, currentTimeFromStopWatch: 126,91, timeSinceTheLastPairWasFound: 14,48
[2026-02-23 18:13:08] During Game: Memory, LevelButtonNumber: 12, Level: level8, Game Move: 36, FoundPair: No pair, Correct: False, movesSinceTheLastPairWasFound: 4, currentTimeFromStopWatch: 129,53, timeSinceTheLastPairWasFound: 17,10
[2026-02-23 18:13:13] During Game: Memory, LevelButtonNumber: 12, Level: level8, Game Move: 37, FoundPair: No pair, Correct: False, movesSinceTheLastPairWasFound: 5, currentTimeFromStopWatch: 134,23, timeSinceTheLastPairWasFound: 21,80
[2026-02-23 18:13:15] During Game: Memory, LevelButtonNumber: 12, Level: level8, Game Move: 38, FoundPair: No pair, Correct: False, movesSinceTheLastPairWasFound: 6, currentTimeFromStopWatch: 136,76, timeSinceTheLastPairWasFound: 24,33
[2026-02-23 18:13:17] During Game: Memory, LevelButtonNumber: 12, Level: level8, Game Move: 39, FoundPair: No pair, Correct: False, movesSinceTheLastPairWasFound: 7, currentTimeFromStopWatch: 138,56, timeSinceTheLastPairWasFound: 26,13
[2026-02-23 18:13:20] During Game: Memory, LevelButtonNumber: 12, Level: level8, Game Move: 40, FoundPair: 6, Correct: True, movesSinceTheLastPairWasFound: 8, currentTimeFromStopWatch: 141,09, timeSinceTheLastPairWasFound: 28,66
[2026-02-23 18:13:23] During Game: Memory, LevelButtonNumber: 12, Level: level8, Game Move: 41, FoundPair: No pair, Correct: False, movesSinceTheLastPairWasFound: 0, currentTimeFromStopWatch: 144,34, timeSinceTheLastPairWasFound: 3,25
[2026-02-23 18:13:25] During Game: Memory, LevelButtonNumber: 12, Level: level8, Game Move: 42, FoundPair: No pair, Correct: False, movesSinceTheLastPairWasFound: 1, currentTimeFromStopWatch: 146,83, timeSinceTheLastPairWasFound: 5,73
[2026-02-23 18:13:28] During Game: Memory, LevelButtonNumber: 12, Level: level8, Game Move: 43, FoundPair: 7, Correct: True, movesSinceTheLastPairWasFound: 2, currentTimeFromStopWatch: 149,31, timeSinceTheLastPairWasFound: 8,22
[2026-02-23 18:13:30] During Game: Memory, LevelButtonNumber: 12, Level: level8, Game Move: 44, FoundPair: 8, Correct: True, movesSinceTheLastPairWasFound: 0, currentTimeFromStopWatch: 151,86, timeSinceTheLastPairWasFound: 2,55
[2026-02-23 18:13:33] During Game: Memory, LevelButtonNumber: 12, Level: level8, Game Move: 45, FoundPair: No pair, Correct: False, movesSinceTheLastPairWasFound: 0, currentTimeFromStopWatch: 154,17, timeSinceTheLastPairWasFound: 2,32
[2026-02-23 18:13:37] During Game: Memory, LevelButtonNumber: 12, Level: level8, Game Move: 46, FoundPair: 9, Correct: True, movesSinceTheLastPairWasFound: 1, currentTimeFromStopWatch: 158,19, timeSinceTheLastPairWasFound: 6,33
[2026-02-23 18:13:38] During Game: Memory, LevelButtonNumber: 12, Level: level8, Game Move: 47, FoundPair: 10, Correct: True, movesSinceTheLastPairWasFound: 0, currentTimeFromStopWatch: 159,69, timeSinceTheLastPairWasFound: 1,50
[2026-02-23 18:13:38] END Game: Memory, LevelButtonNumber: 12, Level: 8, CurrentMoveNumber: 47, TimeNeededForTheLevel: 159,69
[2026-02-23 18:13:42] START Game: Finde die Amsel, LevelButtonNumber: 13, Level: 8
[2026-02-23 18:13:55] Game: Finde die Amsel, LevelButtonNumber: 13, Level: 8, QuestionNumber: 1, selectableBird1: Singdrossel, selectableBird2: Kohlmeise, selectableBird3: Blaumeise, selectableBird4: Rauchschwalbe, selectableBird5: Amsel, questionedBird: Amsel, givenAnswer: Amsel, wasAnswerCorrect: True, timeNeededForTheQuestion: 12,68
[2026-02-23 18:14:24] Game: Finde die Amsel, LevelButtonNumber: 13, Level: 8, QuestionNumber: 2, selectableBird1: Singdrossel, selectableBird2: Blaumeise, selectableBird3: Buchfink, selectableBird4: Spatz, selectableBird5: Rauchschwalbe, questionedBird: Rauchschwalbe, givenAnswer: Rauchschwalbe, wasAnswerCorrect: True, timeNeededForTheQuestion: 28,60
[2026-02-23 18:14:35] Game: Finde die Amsel, LevelButtonNumber: 13, Level: 8, QuestionNumber: 3, selectableBird1: Buchfink, selectableBird2: Eisvogel, selectableBird3: Spatz, selectableBird4: Blaumeise, selectableBird5: Singdrossel, questionedBird: Singdrossel, givenAnswer: Singdrossel, wasAnswerCorrect: True, timeNeededForTheQuestion: 9,92
[2026-02-23 18:14:49] Game: Finde die Amsel, LevelButtonNumber: 13, Level: 8, QuestionNumber: 4, selectableBird1: Spatz, selectableBird2: Blaumeise, selectableBird3: Singdrossel, selectableBird4: Rauchschwalbe, selectableBird5: Kohlmeise, questionedBird: Kohlmeise, givenAnswer: Field with no Bird was clicked, wasAnswerCorrect: False, timeNeededForTheQuestion: 12,68
[2026-02-23 18:15:16] Game: Finde die Amsel, LevelButtonNumber: 13, Level: 8, QuestionNumber: 5, selectableBird1: Kohlmeise, selectableBird2: Rotkehlchen, selectableBird3: Rauchschwalbe, selectableBird4: Blaumeise, selectableBird5: Eisvogel, questionedBird: Eisvogel, givenAnswer: Blaumeise, wasAnswerCorrect: False, timeNeededForTheQuestion: 26,38
[2026-02-23 18:15:25] Game: Finde die Amsel, LevelButtonNumber: 13, Level: 8, QuestionNumber: 6, selectableBird1: Kohlmeise, selectableBird2: Singdrossel, selectableBird3: Rotkehlchen, selectableBird4: Eisvogel, selectableBird5: Blaumeise, questionedBird: Blaumeise, givenAnswer: Rotkehlchen, wasAnswerCorrect: False, timeNeededForTheQuestion: 7,80
[2026-02-23 18:15:34] Game: Finde die Amsel, LevelButtonNumber: 13, Level: 8, QuestionNumber: 7, selectableBird1: Blaumeise, selectableBird2: Singdrossel, selectableBird3: Buchfink, selectableBird4: Eisvogel, selectableBird5: Rotkehlchen, questionedBird: Rotkehlchen, givenAnswer: Singdrossel, wasAnswerCorrect: False, timeNeededForTheQuestion: 7,60
[2026-02-23 18:15:42] Game: Finde die Amsel, LevelButtonNumber: 13, Level: 8, QuestionNumber: 8, selectableBird1: Rauchschwalbe, selectableBird2: Singdrossel, selectableBird3: Blaumeise, selectableBird4: Rotkehlchen, selectableBird5: Buntspecht, questionedBird: Buntspecht, givenAnswer: Buntspecht, wasAnswerCorrect: True, timeNeededForTheQuestion: 7,45
[2026-02-23 18:16:00] Game: Finde die Amsel, LevelButtonNumber: 13, Level: 8, QuestionNumber: 9, selectableBird1: Buntspecht, selectableBird2: Kohlmeise, selectableBird3: Buchfink, selectableBird4: Rotkehlchen, selectableBird5: Spatz, questionedBird: Spatz, givenAnswer: Spatz, wasAnswerCorrect: True, timeNeededForTheQuestion: 16,70
[2026-02-23 18:16:10] Game: Finde die Amsel, LevelButtonNumber: 13, Level: 8, QuestionNumber: 10, selectableBird1: Singdrossel, selectableBird2: Amsel, selectableBird3: Rotkehlchen, selectableBird4: Blaumeise, selectableBird5: Buchfink, questionedBird: Buchfink, givenAnswer: Singdrossel, wasAnswerCorrect: False, timeNeededForTheQuestion: 9,20
[2026-02-23 18:16:11] END Game: Finde die Amsel, LevelButtonNumber: 13, Level: 8, TimeNeededForTheLevel: 149,24, amountOfQuestions: 10, richtigeAnswersCounter: 5, falseAnswersCounter: 5, successrate: 50,00, levelPassed: False
[2026-02-23 18:16:48] START Game: Finde die Amsel, LevelButtonNumber: 13, Level: 8
[2026-02-23 18:17:05] Game: Finde die Amsel, LevelButtonNumber: 13, Level: 8, QuestionNumber: 1, selectableBird1: Kohlmeise, selectableBird2: Singdrossel, selectableBird3: Spatz, selectableBird4: Blaumeise, selectableBird5: Eisvogel, questionedBird: Eisvogel, givenAnswer: Kohlmeise, wasAnswerCorrect: False, timeNeededForTheQuestion: 16,78
[2026-02-23 18:17:15] Game: Finde die Amsel, LevelButtonNumber: 13, Level: 8, QuestionNumber: 2, selectableBird1: Spatz, selectableBird2: Rotkehlchen, selectableBird3: Amsel, selectableBird4: Buchfink, selectableBird5: Blaumeise, questionedBird: Blaumeise, givenAnswer: Blaumeise, wasAnswerCorrect: True, timeNeededForTheQuestion: 9,83
[2026-02-23 18:17:30] Game: Finde die Amsel, LevelButtonNumber: 13, Level: 8, QuestionNumber: 3, selectableBird1: Rotkehlchen, selectableBird2: Buntspecht, selectableBird3: Kohlmeise, selectableBird4: Amsel, selectableBird5: Singdrossel, questionedBird: Singdrossel, givenAnswer: Singdrossel, wasAnswerCorrect: True, timeNeededForTheQuestion: 13,90
[2026-02-23 18:17:55] Game: Finde die Amsel, LevelButtonNumber: 13, Level: 8, QuestionNumber: 4, selectableBird1: Eisvogel, selectableBird2: Buchfink, selectableBird3: Singdrossel, selectableBird4: Amsel, selectableBird5: Kohlmeise, questionedBird: Kohlmeise, givenAnswer: Kohlmeise, wasAnswerCorrect: True, timeNeededForTheQuestion: 23,37
[2026-02-23 18:18:05] Game: Finde die Amsel, LevelButtonNumber: 13, Level: 8, QuestionNumber: 5, selectableBird1: Kohlmeise, selectableBird2: Amsel, selectableBird3: Singdrossel, selectableBird4: Spatz, selectableBird5: Buntspecht, questionedBird: Buntspecht, givenAnswer: Buntspecht, wasAnswerCorrect: True, timeNeededForTheQuestion: 8,77
[2026-02-23 18:18:11] Game: Finde die Amsel, LevelButtonNumber: 13, Level: 8, QuestionNumber: 6, selectableBird1: Rotkehlchen, selectableBird2: Kohlmeise, selectableBird3: Buchfink, selectableBird4: Amsel, selectableBird5: Spatz, questionedBird: Spatz, givenAnswer: Spatz, wasAnswerCorrect: True, timeNeededForTheQuestion: 5,13
[2026-02-23 18:18:21] Game: Finde die Amsel, LevelButtonNumber: 13, Level: 8, QuestionNumber: 7, selectableBird1: Rauchschwalbe, selectableBird2: Buntspecht, selectableBird3: Blaumeise, selectableBird4: Singdrossel, selectableBird5: Amsel, questionedBird: Amsel, givenAnswer: Amsel, wasAnswerCorrect: True, timeNeededForTheQuestion: 8,87
[2026-02-23 18:18:29] Game: Finde die Amsel, LevelButtonNumber: 13, Level: 8, QuestionNumber: 8, selectableBird1: Rotkehlchen, selectableBird2: Kohlmeise, selectableBird3: Rauchschwalbe, selectableBird4: Amsel, selectableBird5: Buchfink, questionedBird: Buchfink, givenAnswer: Buchfink, wasAnswerCorrect: True, timeNeededForTheQuestion: 6,93
[2026-02-23 18:18:38] Game: Finde die Amsel, LevelButtonNumber: 13, Level: 8, QuestionNumber: 9, selectableBird1: Singdrossel, selectableBird2: Eisvogel, selectableBird3: Amsel, selectableBird4: Kohlmeise, selectableBird5: Rauchschwalbe, questionedBird: Rauchschwalbe, givenAnswer: Rauchschwalbe, wasAnswerCorrect: True, timeNeededForTheQuestion: 7,92
[2026-02-23 18:18:44] Game: Finde die Amsel, LevelButtonNumber: 13, Level: 8, QuestionNumber: 10, selectableBird1: Rauchschwalbe, selectableBird2: Spatz, selectableBird3: Singdrossel, selectableBird4: Amsel, selectableBird5: Rotkehlchen, questionedBird: Rotkehlchen, givenAnswer: Spatz, wasAnswerCorrect: False, timeNeededForTheQuestion: 5,62
[2026-02-23 18:18:45] END Game: Finde die Amsel, LevelButtonNumber: 13, Level: 8, TimeNeededForTheLevel: 117,38, amountOfQuestions: 10, richtigeAnswersCounter: 8, falseAnswersCounter: 2, successrate: 80,00, levelPassed: True
[2026-02-23 18:18:48] START Game: EndQuiz, LevelButtonNumber: 14, Level: 8
[2026-02-23 18:18:53] Game: EndQuiz, LevelButtonNumber: 14, Level: 8, QuestionNumber: 1, questionedBirdSong: 10_Eisvogel_1, questionedBird: Eisvogel, answerPossibilities: answerPossibility1: Eisvogel, answerPossibility2: Buntspecht, answerPossibility3: Singdrossel, answerPossibility4: Buchfink, givenAnswer: Buchfink, wasAnswerCorrect: False, timeNeededForThisAnswer: 5,88
[2026-02-23 18:18:59] Game: EndQuiz, LevelButtonNumber: 14, Level: 8, QuestionNumber: 2, questionedBirdSong: 4_Haussperling_2, questionedBird: Spatz, answerPossibilities: answerPossibility1: Blaumeise, answerPossibility2: Buchfink, answerPossibility3: Rotkehlchen, answerPossibility4: Spatz, givenAnswer: Spatz, wasAnswerCorrect: True, timeNeededForThisAnswer: 4,10
[2026-02-23 18:19:03] Game: EndQuiz, LevelButtonNumber: 14, Level: 8, QuestionNumber: 3, questionedBirdSong: 1_Amsel_2, questionedBird: Amsel, answerPossibilities: answerPossibility1: Eisvogel, answerPossibility2: Amsel, answerPossibility3: Blaumeise, answerPossibility4: Buntspecht, givenAnswer: Amsel, wasAnswerCorrect: True, timeNeededForThisAnswer: 3,17
[2026-02-23 18:19:08] Game: EndQuiz, LevelButtonNumber: 14, Level: 8, QuestionNumber: 4, questionedBirdSong: 9_Singdrossel_1, questionedBird: Singdrossel, answerPossibilities: answerPossibility1: Amsel, answerPossibility2: Singdrossel, answerPossibility3: Eisvogel, answerPossibility4: Buntspecht, givenAnswer: Singdrossel, wasAnswerCorrect: True, timeNeededForThisAnswer: 4,10
[2026-02-23 18:19:16] Game: EndQuiz, LevelButtonNumber: 14, Level: 8, QuestionNumber: 5, questionedBirdSong: 3_Blaumeise_1, questionedBird: Blaumeise, answerPossibilities: answerPossibility1: Buntspecht, answerPossibility2: Kohlmeise, answerPossibility3: Spatz, answerPossibility4: Blaumeise, givenAnswer: Blaumeise, wasAnswerCorrect: True, timeNeededForThisAnswer: 6,65
[2026-02-23 18:19:20] Game: EndQuiz, LevelButtonNumber: 14, Level: 8, QuestionNumber: 6, questionedBirdSong: 8_Buntspecht_3, questionedBird: Buntspecht, answerPossibilities: answerPossibility1: Rotkehlchen, answerPossibility2: Blaumeise, answerPossibility3: Buntspecht, answerPossibility4: Amsel, givenAnswer: Buntspecht, wasAnswerCorrect: True, timeNeededForThisAnswer: 3,87
[2026-02-23 18:19:26] Game: EndQuiz, LevelButtonNumber: 14, Level: 8, QuestionNumber: 7, questionedBirdSong: 7_Buchfink_1, questionedBird: Buchfink, answerPossibilities: answerPossibility1: Buchfink, answerPossibility2: Amsel, answerPossibility3: Kohlmeise, answerPossibility4: Rotkehlchen, givenAnswer: Buchfink, wasAnswerCorrect: True, timeNeededForThisAnswer: 4,95
[2026-02-23 18:19:34] Game: EndQuiz, LevelButtonNumber: 14, Level: 8, QuestionNumber: 8, questionedBirdSong: 5_Kohlmeise_1, questionedBird: Kohlmeise, answerPossibilities: answerPossibility1: Eisvogel, answerPossibility2: Buntspecht, answerPossibility3: Rauchschwalbe, answerPossibility4: Kohlmeise, givenAnswer: Kohlmeise, wasAnswerCorrect: True, timeNeededForThisAnswer: 6,90
[2026-02-23 18:19:41] Game: EndQuiz, LevelButtonNumber: 14, Level: 8, QuestionNumber: 9, questionedBirdSong: 2_Rotkehlchen_2, questionedBird: Rotkehlchen, answerPossibilities: answerPossibility1: Spatz, answerPossibility2: Blaumeise, answerPossibility3: Rotkehlchen, answerPossibility4: Rauchschwalbe, givenAnswer: Rauchschwalbe, wasAnswerCorrect: False, timeNeededForThisAnswer: 5,75
[2026-02-23 18:19:46] Game: EndQuiz, LevelButtonNumber: 14, Level: 8, QuestionNumber: 10, questionedBirdSong: 6_Rauchschwalbe_2, questionedBird: Rauchschwalbe, answerPossibilities: answerPossibility1: Eisvogel, answerPossibility2: Rotkehlchen, answerPossibility3: Rauchschwalbe, answerPossibility4: Spatz, givenAnswer: Rauchschwalbe, wasAnswerCorrect: True, timeNeededForThisAnswer: 3,67
[2026-02-23 18:19:47] END Game: EndQuiz, LevelButtonNumber: 14, Level: 8, totalTimeNeeded: 59,30, amountOfQuestions: 10, correctAnswers: 8, incorrectAnswers: 2, successrate: 80,00, levelPassed: There is no win in the EndQuiz
